﻿<?xml version="1.0" encoding="utf-8"?>
<Site xmlns:xsi="http://www.w3.org/2001/XMLSchema-instance" xmlns:xsd="http://www.w3.org/2001/XMLSchema">
  <Id>CitiZoo</Id>
  <Visitors>
    <Visitor>
      <Id>jack</Id>
      <VisitCount>1</VisitCount>
      <LastVisit>2022-11-11T16:26:06.3046986+05:30</LastVisit>
    </Visitor>
    <Visitor>
      <Id>jill</Id>
      <VisitCount>3</VisitCount>
      <LastVisit>2022-11-17T15:53:23.3491382+05:30</LastVisit>
    </Visitor>
    <Visitor>
      <Id>john</Id>
      <VisitCount>1</VisitCount>
      <LastVisit>2022-11-11T16:27:44.0448658+05:30</LastVisit>
    </Visitor>
    <Visitor>
      <Id>jeff</Id>
      <VisitCount>1</VisitCount>
      <LastVisit>2022-11-17T15:52:59.80194+05:30</LastVisit>
    </Visitor>
  </Visitors>
</Site>